,Country Name,Country Code,Indicator Name,Indicator Code,1960,1961,1962,1963,1964,1965,1966,1967,1968,1969,1970,1971,1972,1973,1974,1975,1976,1977,1978,1979,1980,1981,1982,1983,1984,1985,1986,1987,1988,1989,1990,1991,1992,1993,1994,1995,1996,1997,1998,1999,2000,2001,2002,2003,2004,2005,2006,2007,2008,2009,2010,2011,2012,2013,2014,2015
0,Canada,CAN,"Adolescent fertility rate (births per 1,000 women ages 15-19)",SP.ADO.TFRT,55.6166,54.8488,54.081,52.2786,50.4762,48.6738,46.8714,45.069,43.4946,41.9202,40.3458,38.7714,37.197,35.7988,34.4006,33.0024,31.6042,30.206,29.142,28.078,27.014,25.95,24.886,24.5578,24.2296,23.9014,23.5732,23.245,23.6238,24.0026,24.3814,24.7602,25.139,24.133,23.127,22.121,21.115,20.109,18.9676,17.8262,16.6848,15.5434,14.402,14.3096,14.2172,14.1248,14.0324,13.94,13.4188,12.8976,12.3764,11.8552,11.334,10.7086,10.0832,
1,Canada,CAN,"Age dependency ratio, old",SP.POP.DPND.OL,13.0930133208613,13.1240820705026,13.1276786835005,13.1142070771753,13.0963194974459,13.0811717153102,13.0245523573674,12.9740999032791,12.9360101863911,12.9112659497611,12.899416462475,12.8887336098222,12.8776368170221,12.8782880857416,12.9035841757716,12.9594593596864,13.1179524264573,13.2924089888855,13.476953848679,13.6616704159816,13.8437045413259,14.0331139363546,14.2192754668911,14.4208478514824,14.658960706821,14.9427185767849,15.2119382577364,15.5163804503348,15.8440446459537,16.1743378891471,16.4935518593243,16.7642296173523,17.0115156711177,17.2372431035923,17.4451854557583,17.6395717922704,17.8166869185873,17.9797978803841,18.128237746793,18.2595382390617,18.3757558185109,18.4700981987296,18.5563625165891,18.65075947698,18.7727285317832,18.9370818407324,19.1122217876033,19.3285418258202,19.6021851923652,19.9548949642911,20.4005866449387,20.9086519840617,21.5183773420313,22.2217021588499,22.9829410353896,23.7667767915632
2,Canada,CAN,"Age dependency ratio, young",SP.POP.DPND.YG,57.5690826647745,57.9044950814424,57.9147797996045,57.6349281924434,57.1199322129742,56.3834233346667,55.2485116629489,53.7854424278856,52.1162437627013,50.3886916410194,48.6857978387409,46.7244273332681,44.9962074181566,43.3870419704735,41.7465113036945,40.0376464247367,38.7325602417418,37.2914261059948,35.8457729075668,34.5747695548217,33.5539533384793,32.7594941066895,32.1582012889605,31.723224392006,31.3804049180184,31.09093817871,30.9102665012727,30.7484672215806,30.608527727183,30.4992037928656,30.4172094345561,30.4157442345544,30.444236895874,30.4448700978782,30.3493301579815,30.1283145207904,29.9487908607398,29.586762747258,29.098222295946,28.5755930212679,28.0710934279563,27.5005801134435,26.9982960145118,26.5261484116269,26.0372230597367,25.5329770167773,25.0890574088844,24.6668108024422,24.2913833929345,23.9830383150971,23.7439108925014,23.7040838042552,23.6131693161759,23.5247870402677,23.4896659663848,23.5256277129374
3,Canada,CAN,"Birth rate, crude (per 1,000 people)",SP.DYN.CBRT.IN,26.7,26.0,25.2,24.6,23.4,21.3,19.3,18.2,17.6,17.6,17.4,16.8,15.9,15.6,15.4,15.8,15.6,15.5,15.2,15.4,15.4,15.3,15.1,15.0,15.0,14.9,14.5,14.4,14.5,14.9,15.0,14.9,14.7,13.6,13.1,12.6,12.0,11.6,11.4,11.2,10.9,10.6,10.7,10.5,10.65,10.65,10.9,11.2,11.3,11.3,11.1,11.0,11.0,10.9,10.9,
4,Canada,CAN,"Death rate, crude (per 1,000 people)",SP.DYN.CDRT.IN,7.8,7.7,7.7,7.8,7.5,7.6,7.5,7.4,7.4,7.3,7.3,7.3,7.4,7.4,7.4,7.3,7.2,7.1,7.1,7.0,7.1,7.0,7.1,7.0,7.0,7.0,7.2,7.2,7.3,7.3,7.3,7.2,6.9,6.8,7.2,7.1,7.3,7.2,7.2,7.3,7.1,7.1,7.1,7.2,7.25,7.1,7.0,7.1,7.2,7.1,7.1,7.0,7.1,7.2,7.4,
5,Canada,CAN,"Fertility rate, total (births per woman)",SP.DYN.TFRT.IN,3.811,3.753,3.681,3.607,3.456,3.115,2.749,2.528,2.386,2.334,2.258,2.141,1.98,1.89,1.837,1.824,1.796,1.782,1.768,1.754,1.74,1.7,1.69,1.68,1.65,1.67,1.675,1.68,1.68,1.77,1.83,1.7,1.71,1.7,1.6695,1.639,1.592,1.55,1.53,1.51,1.49,1.505,1.52,1.53,1.53,1.54,1.5862,1.6589,1.6808,1.668,1.6269,1.61,1.61,1.61,1.61,
6,Canada,CAN,"Life expectancy at birth, female (years)",SP.DYN.LE00.FE.IN,74.15,74.45,74.43,74.5,75.08,75.14,75.39,75.66,75.78,76.01,76.25,76.63,76.55,76.83,76.91,77.23,77.59,77.97,78.32,78.59,78.73,79.11,79.23,79.55,79.78,79.73,79.8,80.12,80.2,80.4,80.65,80.77,80.02,80.83,80.93,81.02,81.15,81.4,81.5,81.7,81.9,82.1,82.1,82.4,82.6,82.7,82.78,82.97,83.12,83.36,83.6,83.521,83.686,83.842,83.989,
7,Canada,CAN,"Life expectancy at birth, male (years)",SP.DYN.LE00.MA.IN,68.26,68.39,68.45,68.41,68.63,68.76,68.78,68.92,69.09,69.16,69.32,69.6,69.49,69.67,69.74,69.99,70.3,70.64,70.92,71.32,71.6,72.02,72.3,72.69,73.02,73.04,73.24,73.52,73.58,73.89,74.26,74.49,74.75,74.69,74.94,75.08,75.45,75.7,75.96,76.2,76.7,77.0,77.2,77.4,77.8,78.0,78.17,78.41,78.64,78.97,79.33,79.281,79.54,79.787,80.021,
8,Canada,CAN,"Life expectancy at birth, total (years)",SP.DYN.LE00.IN,71.1331707317073,71.3460975609756,71.3670731707317,71.3807317073171,71.7763414634146,71.8721951219512,72.0043902439024,72.2078048780488,72.3534146341463,72.5014634146341,72.7004878048781,73.0292682926829,72.9339024390244,73.1626829268293,73.2375609756098,73.5217073170732,73.8560975609756,74.2156097560976,74.529756097561,74.8663414634146,75.0780487804878,75.4785365853659,75.6804878048781,76.0363414634146,76.3175609756098,76.3034146341464,76.44,76.739512195122,76.8092682926829,77.0656097560976,77.3770731707317,77.5534146341464,77.3207317073171,77.6851219512195,77.8619512195122,77.9775609756098,78.2304878048781,78.4804878048781,78.6624390243902,78.8829268292683,79.2365853658537,79.4878048780488,79.590243902439,79.8390243902439,80.1414634146341,80.2926829268293,80.4187804878049,80.6343902439024,80.8253658536586,81.1114634146342,81.4129268292683,81.3492926829268,81.5624390243903,81.7650487804878,81.9566097560976,
9,Canada,CAN,"Mortality rate, infant (per 1,000 live births)",SP.DYN.IMRT.IN,27.8,27.0,26.0,25.1,24.0,23.1,22.1,21.2,20.2,19.4,18.5,17.7,16.7,15.9,15.0,14.2,13.3,12.5,11.8,11.0,10.3,9.7,9.2,8.7,8.3,8.0,7.7,7.5,7.2,7.1,6.8,6.6,6.4,6.1,6.0,5.7,5.6,5.4,5.4,5.3,5.2,5.3,5.3,5.2,5.2,5.3,5.2,5.1,5.0,5.0,4.9,4.7,4.7,4.6,4.4,4.3
10,Canada,CAN,"Mortality rate, under-5 (per 1,000)",SH.DYN.MORT,32.6,31.6,30.5,29.4,28.2,27.1,26.0,25.0,23.9,23.0,22.0,21.0,19.9,19.0,18.0,17.0,16.0,15.1,14.2,13.3,12.5,11.8,11.2,10.6,10.1,9.7,9.4,9.1,8.8,8.6,8.3,8.0,7.7,7.4,7.2,6.9,6.7,6.5,6.4,6.3,6.2,6.2,6.2,6.1,6.1,6.1,6.0,5.9,5.8,5.7,5.6,5.4,5.3,5.2,5.0,4.9
11,Canada,CAN,Number of infant deaths,SH.DTH.IMRT,13121.0,12867.0,12371.0,11788.0,10990.0,10193.0,9218.0,8232.0,7258.0,6525.0,5985.0,5735.0,5590.0,5586.0,5505.0,5353.0,5057.0,4726.0,4394.0,4032.0,3737.0,3516.0,3348.0,3191.0,3071.0,2985.0,2885.0,2819.0,2715.0,2692.0,2600.0,2563.0,2532.0,2450.0,2421.0,2274.0,2169.0,1996.0,1888.0,1761.0,1671.0,1685.0,1698.0,1704.0,1756.0,1847.0,1871.0,1898.0,1918.0,1960.0,1939.0,1852.0,1822.0,1743.0,1636.0,1587.0
12,Canada,CAN,Number of under-five deaths,SH.DTH.MORT,15305.0,15002.0,14485.0,13818.0,12967.0,12056.0,11008.0,9928.0,8849.0,8014.0,7382.0,6975.0,6752.0,6699.0,6577.0,6347.0,6034.0,5672.0,5265.0,4863.0,4534.0,4279.0,4078.0,3888.0,3736.0,3618.0,3524.0,3426.0,3328.0,3272.0,3185.0,3111.0,3044.0,2967.0,2901.0,2754.0,2610.0,2432.0,2276.0,2140.0,2041.0,2005.0,2011.0,2014.0,2065.0,2122.0,2149.0,2181.0,2206.0,2217.0,2201.0,2121.0,2056.0,1978.0,1872.0,1824.0
13,Canada,CAN,"Survival to age 65, female (% of cohort)",SP.DYN.TO65.FE.ZS,80.37613,80.75594,81.13575,81.35525,81.57474,81.79423,82.01373,82.23322,82.45927,82.68531,82.91136,83.13741,83.36345,83.66286,83.96227,84.26167,84.56108,84.86049,85.20529,85.55009,85.89489,86.23969,86.58449,86.8094,87.03432,87.25923,87.48415,87.70906,87.89945,88.08984,88.28023,88.47062,88.66101,88.81679,88.97258,89.12837,89.28416,89.43994,89.59855,89.75716,89.91577,90.07438,90.23298,90.35885,90.48472,90.61059,90.73646,90.86233,91.0272,91.19208,91.35695,91.52183,91.6867,91.79517,91.90365,
14,Canada,CAN,"Survival to age 65, male (% of cohort)",SP.DYN.TO65.MA.ZS,68.33309,68.51324,68.69339,68.82725,68.96111,69.09497,69.22883,69.36269,69.57355,69.78441,69.99527,70.20613,70.41699,70.76805,71.1191,71.47016,71.82122,72.17227,72.87276,73.57324,74.27372,74.9742,75.67469,76.17165,76.66861,77.16558,77.66254,78.1595,78.58367,79.00783,79.432,79.85616,80.28033,80.72225,81.16417,81.60609,82.04801,82.48993,82.86454,83.23915,83.61377,83.98838,84.36299,84.62804,84.89308,85.15813,85.42317,85.68822,86.0209,86.35359,86.68628,87.01897,87.35165,87.6112,87.87075,
15,Cyprus,CYP,"Adolescent fertility rate (births per 1,000 women ages 15-19)",SP.ADO.TFRT,31.0666,28.4048,25.743,24.6996,23.6562,22.6128,21.5694,20.526,20.608,20.69,20.772,20.854,20.936,22.684,24.432,26.18,27.928,29.676,31.3914,33.1068,34.8222,36.5376,38.253,37.5272,36.8014,36.0756,35.3498,34.624,32.5656,30.5072,28.4488,26.3904,24.332,22.0764,19.8208,17.5652,15.3096,13.054,11.8884,10.7228,9.5572,8.3916,7.226,7.0912,6.9564,6.8216,6.6868,6.552,6.3362,6.1204,5.9046,5.6888,5.473,5.2794,5.0858,
16,Cyprus,CYP,"Age dependency ratio, old",SP.POP.DPND.OL,10.2865276354247,10.653975865681,10.9739649815756,11.1117745937247,11.0604450740806,10.9495208039441,12.011482137133,13.2187129953263,14.4956064064166,15.7865168539326,17.0863021043497,16.7791159254525,16.4495079834666,16.1283297506834,15.8263147198952,15.5419549885737,15.3153608577488,15.0607743132573,14.7912095004518,14.5143825939531,14.2406694694552,14.4376004640721,14.6252531476439,14.7962421123136,14.9578323432401,15.0921937604988,15.1150224868153,15.1329147699851,15.1736684720102,15.2450404084418,15.334555601772,15.3355193585555,15.334787774224,15.3520478601012,15.3916453150726,15.4473126609913,15.3978680626154,15.3328288539532,15.2692576647875,15.2183285189054,15.1825713409021,15.1422112756841,15.1419893311719,15.2044691628058,15.3198535446896,15.4553785717678,15.5950247924141,15.731633436099,15.8930038865092,16.1030145061881,16.3701126935016,16.6677432469916,17.000260365814,17.3677458977826,17.7663773368826,18.1937737543802
17,Cyprus,CYP,"Age dependency ratio, young",SP.POP.DPND.YG,63.9624816377179,63.8430239950593,62.9413429349004,61.4337792931721,59.7172539991736,58.033187417286,57.0182252936233,55.9098787819849,54.7690358416553,53.6240147576723,52.5050991924206,50.309627935141,48.2553870040494,46.5920416492658,45.3283255934147,44.2919027154942,42.9671194690585,41.6498306984454,40.3960519279352,39.2042949985872,38.0622983458807,38.1511068207079,38.1381142626198,38.1266083829802,38.157395195323,38.2248425309219,38.5373324273897,38.6667913993949,38.8333577298676,39.1224009931515,39.4569251333659,39.1734536041795,38.8372303491621,38.4490547254337,37.9306871397777,37.2459170904729,36.8764484217979,36.1356312652513,35.1995280658322,34.2185529589759,33.2485188944225,32.3112361170325,31.3985676193439,30.5383057539303,29.6833225085825,28.7964046927868,28.1136516614413,27.3828403721106,26.6268885033698,25.8714518947097,25.145562973857,24.7624873818453,24.3612275246722,23.9936999450231,23.6890344461433,23.442192762503
18,Cyprus,CYP,"Birth rate, crude (per 1,000 people)",SP.DYN.CBRT.IN,25.558,25.222,24.746,24.113,23.339,22.473,21.584,20.753,20.046,19.494,19.107,18.866,18.726,18.647,18.617,18.646,18.753,18.947,19.219,19.543,19.876,20.168,20.379,20.483,20.467,20.34,20.132,19.883,19.62,19.347,19.048,18.693,18.255,17.726,17.114,16.439,15.73,15.025,14.36,13.758,13.244,12.828,12.501,12.251,12.069,11.945,11.867,11.818,11.78,11.741,11.689,11.619,11.534,11.436,11.326,
19,Cyprus,CYP,"Death rate, crude (per 1,000 people)",SP.DYN.CDRT.IN,7.506,7.324,7.132,6.94,6.766,6.644,6.612,6.686,6.863,7.129,7.445,7.763,8.031,8.215,8.299,8.285,8.189,8.051,7.906,7.768,7.649,7.549,7.462,7.382,7.309,7.244,7.184,7.129,7.078,7.03,6.988,6.954,6.929,6.912,6.903,6.899,6.895,6.888,6.875,6.858,6.837,6.816,6.798,6.787,6.783,6.784,6.789,6.793,6.797,6.799,6.802,6.807,6.818,6.836,6.863,
20,Cyprus,CYP,"Fertility rate, total (births per woman)",SP.DYN.TFRT.IN,3.5,3.471,3.421,3.346,3.249,3.133,3.01,2.889,2.779,2.686,2.61,2.547,2.491,2.44,2.393,2.352,2.323,2.31,2.312,2.328,2.354,2.385,2.415,2.438,2.453,2.458,2.456,2.45,2.442,2.43,2.411,2.381,2.337,2.278,2.206,2.124,2.035,1.945,1.86,1.781,1.714,1.658,1.613,1.577,1.549,1.529,1.514,1.504,1.496,1.489,1.481,1.473,1.464,1.455,1.446,
21,Cyprus,CYP,"Life expectancy at birth, female (years)",SP.DYN.LE00.FE.IN,71.655,71.993,72.32,72.636,72.943,73.241,73.53,73.81,74.082,74.346,74.603,74.853,75.097,75.335,75.566,75.792,76.013,76.229,76.439,76.644,76.844,77.039,77.23,77.415,77.597,77.774,77.949,78.12,78.288,78.453,78.616,78.776,78.934,79.088,79.24,79.389,79.536,79.681,79.825,79.967,80.106,80.24,80.368,80.494,80.618,80.748,80.891,81.052,81.231,81.426,81.631,81.839,82.04,82.227,82.397,
22,Cyprus,CYP,"Life expectancy at birth, male (years)",SP.DYN.LE00.MA.IN,67.631,67.961,68.281,68.592,68.894,69.188,69.474,69.751,70.022,70.285,70.542,70.792,71.036,71.273,71.504,71.728,71.947,72.16,72.368,72.571,72.769,72.963,73.151,73.335,73.515,73.691,73.863,74.03,74.194,74.355,74.512,74.667,74.819,74.969,75.116,75.261,75.403,75.542,75.678,75.81,75.939,76.063,76.182,76.3,76.416,76.534,76.658,76.789,76.929,77.079,77.24,77.412,77.593,77.781,77.974,
23,Cyprus,CYP,"Life expectancy at birth, total (years)",SP.DYN.LE00.IN,69.5939268292683,69.9278292682927,70.251243902439,70.5646829268293,70.8691219512195,71.1650731707317,71.4525365853659,71.731,72.0024878048781,72.2659756097561,72.5229756097561,72.7729756097561,73.0169756097561,73.2544634146342,73.4854634146342,73.7104390243903,73.9304146341464,74.1448780487805,74.3538536585366,74.5578292682927,74.7568048780488,74.9512926829268,75.140756097561,75.325243902439,75.5062195121951,75.6827073170732,75.8561707317073,76.0251219512195,76.1910731707317,76.3540243902439,76.5139512195122,76.6713902439025,76.8263170731707,76.9782682926829,77.1277073170732,77.2746585365854,77.4190975609756,77.5610243902439,77.7009268292683,77.8378048780488,77.9716829268293,78.1005609756098,78.2239512195122,78.3458536585366,78.465756097561,78.5896097560976,78.7228780487805,78.868512195122,79.0275365853659,79.199487804878,79.3819512195122,79.571512195122,79.7622682926829,79.9497804878049,80.1315609756098,
24,Cyprus,CYP,"Mortality rate, adult, female (per 1,000 female adults)",SP.DYN.AMRT.FE,98.653,96.828,95.003,93.338,91.672,90.007,88.341,86.676,85.157,83.638,82.12,80.601,79.082,77.697,76.311,74.926,73.54,72.155,70.888,69.622,68.356,67.09,65.823,64.673,63.524,62.374,61.224,60.074,59.022,57.969,56.917,55.865,54.812,53.856,52.9,51.943,50.987,50.031,49.157,48.283,47.408,46.534,45.66,44.866,44.071,43.277,42.483,41.688,40.495,39.302,38.109,36.915,35.722,35.237,34.753,
25,Cyprus,CYP,"Mortality rate, adult, male (per 1,000 male adults)",SP.DYN.AMRT.MA,167.477,164.88,162.283,159.883,157.482,155.082,152.682,150.282,148.059,145.836,143.613,141.39,139.167,137.109,135.052,132.995,130.938,128.881,126.976,125.071,123.165,121.26,119.355,117.596,115.837,114.078,112.32,110.561,108.934,107.307,105.68,104.054,102.427,100.92,99.414,97.907,96.4,94.894,93.503,92.112,90.721,89.329,87.938,86.655,85.371,84.087,82.803,81.52,79.919,78.317,76.716,75.115,73.514,71.95,70.387,
26,Cyprus,CYP,"Survival to age 65, female (% of cohort)",SP.DYN.TO65.FE.ZS,80.13883,80.61176,81.08468,81.49064,81.89659,82.30255,82.7085,83.11446,83.46458,83.8147,84.16482,84.51494,84.86506,85.16806,85.47107,85.77407,86.07708,86.38008,86.64417,86.90827,87.17236,87.43646,87.70055,87.93136,88.16216,88.39297,88.62377,88.85458,89.05803,89.26148,89.46493,89.66838,89.87183,90.05136,90.23089,90.41041,90.58994,90.76947,90.92933,91.08918,91.24904,91.40889,91.56875,91.71109,91.85343,91.99577,92.13811,92.28045,92.48412,92.68779,92.89146,93.09513,93.2988,93.39665,93.49451,
27,Cyprus,CYP,"Survival to age 65, male (% of cohort)",SP.DYN.TO65.MA.ZS,70.97254,71.48892,72.0053,72.46516,72.92503,73.38489,73.84476,74.30462,74.71615,75.12768,75.53921,75.95074,76.36227,76.73143,77.10059,77.46976,77.83892,78.20808,78.54036,78.87263,79.20491,79.53718,79.86946,80.16908,80.4687,80.76831,81.06793,81.36755,81.63879,81.91002,82.18126,82.45249,82.72373,82.97074,83.21775,83.46477,83.71178,83.95879,84.18353,84.40827,84.63301,84.85775,85.08249,85.28791,85.49334,85.69876,85.90419,86.10961,86.36037,86.61112,86.86188,87.11263,87.36339,87.63218,87.90097,
28,France,FRA,"Adolescent fertility rate (births per 1,000 women ages 15-19)",SP.ADO.TFRT,33.9466,35.2468,36.547,36.5406,36.5342,36.5278,36.5214,36.515,36.7978,37.0806,37.3634,37.6462,37.929,36.055,34.181,32.307,30.433,28.559,26.865,25.171,23.477,21.783,20.089,18.8018,17.5146,16.2274,14.9402,13.653,13.1202,12.5874,12.0546,11.5218,10.989,10.7528,10.5166,10.2804,10.0442,9.808,10.0006,10.1932,10.3858,10.5784,10.771,10.6164,10.4618,10.3072,10.1526,9.998,9.9014,9.8048,9.7082,9.6116,9.515,9.2816,9.0482,
29,France,FRA,"Age dependency ratio, old",SP.POP.DPND.OL,18.6461502714698,18.8162673427574,18.9403617520746,19.0412155221382,19.152719413889,19.2954663811415,19.5783241190991,19.8598123711905,20.1283692523306,20.3633330793082,20.5547865683978,20.8010939958225,20.9840572322554,21.1223330153701,21.2430654472405,21.3563333053459,21.6102013825975,21.8785538736707,22.070620388641,22.0502723087193,21.7571924209152,21.3325188796425,20.6587389408092,19.9196407859076,19.3671748607881,19.1329363031074,19.2656044408036,19.6667225129869,20.2249064997428,20.771701874928,21.2079730696377,21.6876884793883,22.08407436201,22.4238237987998,22.7521757020573,23.0916310912679,23.4607362816266,23.826071066898,24.1721907142166,24.477702082035,24.7321138954315,24.9648724516112,25.1763684789081,25.3666594887483,25.5173587225331,25.6171434149751,25.6865559255774,25.7267164633915,25.7872687466788,25.9784948557268,26.3871417312546,26.9895641547312,27.7796498688089,28.7223913064767,29.7162848258677,30.6438318340593
30,France,FRA,"Age dependency ratio, young",SP.POP.DPND.YG,42.2635690195879,42.5907725856645,42.3819091912593,41.8163523511746,41.2222785064,40.7517916693848,40.5378989288774,40.3036570263162,40.0795027149795,39.8656792536527,39.659143209411,39.324526108398,39.0659627546449,38.8157570846873,38.4536814258015,37.9152210584289,37.4964877299253,36.8499765158303,36.0546276534042,35.2578301382984,34.5447380840032,33.7300879936928,33.1243210754025,32.6397020288448,32.1436128850403,31.5929942149223,31.3908210601905,31.0228991496461,30.5919333903972,30.2457732903659,30.0362436224454,29.8470666165064,29.7914986274061,29.8132316667619,29.8104721249099,29.7349126719398,29.5830808241275,29.4245121059071,29.2445304294908,29.0518757156009,28.8613104474144,28.8119630555233,28.7213849896342,28.6099151006044,28.5044734321298,28.4190657518477,28.4165243084846,28.4196645252574,28.4454750321403,28.5066616918471,28.6046845980376,28.7720217541113,28.9963631239194,29.2396820966468,29.4574453569898,29.6229669001838
31,France,FRA,"Birth rate, crude (per 1,000 people)",SP.DYN.CBRT.IN,18.7,18.7,18.6,18.5,18.4,18.2,18.0,17.7,17.5,17.3,17.0,16.7,16.3,15.9,15.5,15.0,14.6,14.3,14.1,14.0,14.0,14.1,14.2,14.2,14.3,14.2,14.1,14.0,13.8,13.6,13.4,13.2,13.1,13.0,12.5,12.8,12.8,12.7,12.8,12.9,13.3,13.1,12.9,12.8,12.8,12.8,13.1,12.8,12.9,12.8,12.9,12.7,12.6,12.4,12.4,
32,France,FRA,"Death rate, crude (per 1,000 people)",SP.DYN.CDRT.IN,11.4,11.3,11.2,11.1,11.1,11.1,11.0,11.0,10.9,10.9,10.8,10.8,10.7,10.6,10.5,10.4,10.4,10.3,10.2,10.2,10.2,10.1,10.0,10.0,9.9,9.8,9.7,9.6,9.5,9.4,9.3,9.2,9.2,9.2,9.1,9.1,9.1,9.1,9.1,9.1,8.9,8.8,8.8,9.1,8.3,8.5,8.3,8.3,8.5,8.5,8.5,8.4,8.7,8.7,8.4,
33,France,FRA,"Fertility rate, total (births per woman)",SP.DYN.TFRT.IN,2.85,2.87,2.89,2.89,2.87,2.84,2.8,2.75,2.69,2.62,2.55,2.47,2.38,2.28,2.18,2.09,2.01,1.94,1.89,1.87,1.85,1.85,1.86,1.86,1.86,1.86,1.85,1.83,1.81,1.79,1.77,1.75,1.74,1.73,1.73,1.74,1.75,1.77,1.78,1.81,1.89,1.9,1.88,1.89,1.92,1.94,2.0,1.98,2.01,2.0,2.03,2.01,2.01,1.99,1.99,
34,France,FRA,"Life expectancy at birth, female (years)",SP.DYN.LE00.FE.IN,73.3,73.6,73.9,74.1,74.3,74.5,74.7,74.9,75.1,75.3,75.5,75.8,76.0,76.3,76.6,76.9,77.2,77.5,77.7,78.0,78.2,78.5,78.7,79.0,79.2,79.5,79.8,80.0,80.3,80.6,80.8,81.1,81.3,81.5,81.9,81.9,82.0,82.3,82.6,82.7,83.0,83.0,83.0,82.7,83.8,83.8,84.5,84.8,84.8,85.0,85.3,85.7,85.4,85.6,85.6,
35,France,FRA,"Life expectancy at birth, male (years)",SP.DYN.LE00.MA.IN,66.6,66.8,66.9,67.1,67.2,67.3,67.4,67.6,67.7,67.8,68.0,68.2,68.4,68.6,68.8,69.0,69.2,69.4,69.7,69.9,70.1,70.3,70.5,70.8,71.0,71.3,71.6,71.8,72.1,72.3,72.6,72.8,73.1,73.3,73.6,73.8,74.1,74.5,74.8,75.0,75.3,75.5,75.7,75.7,76.7,76.7,77.3,77.6,77.8,78.0,78.2,78.7,78.7,79.0,79.3,
36,France,FRA,"Life expectancy at birth, total (years)",SP.DYN.LE00.IN,69.8682926829268,70.1170731707317,70.3146341463415,70.5146341463415,70.6634146341463,70.8121951219512,70.9609756097561,71.1609756097561,71.309756097561,71.4585365853659,71.6585365853659,71.9073170731707,72.1073170731707,72.3560975609756,72.6048780487805,72.8536585365854,73.1024390243903,73.3512195121951,73.6024390243903,73.8512195121951,74.0512195121951,74.3,74.5,74.8,75.0,75.3,75.6,75.8,76.1,76.3487804878049,76.6,76.8487804878049,77.1,77.3,77.6487804878049,77.7512195121951,77.9536585365854,78.3048780487805,78.6048780487805,78.7560975609756,79.0560975609756,79.1585365853659,79.2609756097561,79.1146341463415,80.1634146341463,80.1634146341463,80.8121951219512,81.1121951219512,81.2146341463415,81.4146341463415,81.6634146341463,82.1146341463415,81.9682926829268,82.219512195122,82.3731707317073,
37,France,FRA,"Mortality rate, infant (per 1,000 live births)",SP.DYN.IMRT.IN,23.7,22.4,21.3,20.3,19.4,18.5,17.7,17.1,16.5,15.8,15.1,14.4,13.7,13.1,12.7,12.4,12.0,11.5,11.0,10.6,10.2,9.8,9.5,9.1,8.8,8.5,8.2,8.1,7.9,7.7,7.4,7.1,6.7,6.3,5.8,5.3,5.0,4.8,4.6,4.5,4.4,4.4,4.2,4.0,3.9,3.8,3.7,3.6,3.5,3.5,3.5,3.5,3.5,3.6,3.6,3.5
38,France,FRA,"Mortality rate, under-5 (per 1,000)",SH.DYN.MORT,28.5,27.0,25.7,24.5,23.4,22.3,21.4,20.6,19.9,19.1,18.2,17.4,16.6,15.9,15.4,15.0,14.5,13.9,13.3,12.8,12.4,11.9,11.5,11.1,10.7,10.3,10.0,9.8,9.6,9.3,9.0,8.6,8.1,7.6,7.0,6.5,6.1,5.8,5.6,5.5,5.4,5.3,5.1,4.9,4.7,4.6,4.5,4.4,4.3,4.3,4.3,4.3,4.3,4.4,4.4,4.3
39,France,FRA,Number of infant deaths,SH.DTH.IMRT,20491.0,20029.0,19346.0,18458.0,17494.0,16463.0,15513.0,14656.0,13796.0,12946.0,12243.0,11719.0,11321.0,11015.0,10751.0,10371.0,9681.0,8755.0,7833.0,7165.0,6773.0,6696.0,6898.0,7092.0,7258.0,7216.0,6926.0,6646.0,6194.0,5756.0,5328.0,5008.0,4684.0,4410.0,4087.0,3768.0,3598.0,3507.0,3415.0,3394.0,3364.0,3396.0,3263.0,3122.0,3054.0,2981.0,2908.0,2830.0,2750.0,2747.0,2745.0,2747.0,2749.0,2830.0,2829.0,2747.0
40,France,FRA,Number of under-five deaths,SH.DTH.MORT,24335.0,23818.0,23043.0,22024.0,20916.0,19736.0,18746.0,17719.0,16751.0,15789.0,14897.0,14248.0,13755.0,13371.0,13023.0,12540.0,11766.0,10721.0,9660.0,8859.0,8434.0,8216.0,8331.0,8544.0,8662.0,8561.0,8329.0,7990.0,7531.0,7002.0,6567.0,6148.0,5734.0,5377.0,4975.0,4649.0,4397.0,4230.0,4140.0,4121.0,4096.0,4065.0,3940.0,3804.0,3663.0,3595.0,3529.0,3455.0,3378.0,3377.0,3376.0,3379.0,3383.0,3463.0,3462.0,3378.0
41,France,FRA,"Survival to age 65, female (% of cohort)",SP.DYN.TO65.FE.ZS,80.21282,80.72389,81.23496,81.47592,81.71689,81.95785,82.19882,82.43978,82.74223,83.04468,83.34713,83.64957,83.95202,84.30804,84.66405,85.02006,85.37608,85.73209,86.01822,86.30436,86.59049,86.87663,87.16276,87.42681,87.69087,87.95492,88.21897,88.48303,88.68699,88.89095,89.09491,89.29887,89.50283,89.66172,89.82061,89.9795,90.13839,90.29729,90.43077,90.56425,90.69773,90.83121,90.96469,91.08922,91.21375,91.33829,91.46282,91.58735,91.66527,91.74318,91.8211,91.89901,91.97692,92.095,92.21308,
42,France,FRA,"Survival to age 65, male (% of cohort)",SP.DYN.TO65.MA.ZS,65.21028,65.56609,65.92191,66.04955,66.17718,66.30482,66.43246,66.5601,66.94521,67.33033,67.71544,68.10055,68.48567,68.7766,69.06754,69.35848,69.64942,69.94036,70.3012,70.66204,71.02288,71.38372,71.74456,72.14798,72.5514,72.95482,73.35824,73.76166,74.17088,74.5801,74.98931,75.39853,75.80775,76.29833,76.78892,77.2795,77.77009,78.26067,78.68277,79.10487,79.52697,79.94907,80.37117,80.73976,81.10835,81.47695,81.84554,82.21413,82.53896,82.8638,83.18863,83.51346,83.83829,84.1985,84.55871,
43,Japan,JPN,"Adolescent fertility rate (births per 1,000 women ages 15-19)",SP.ADO.TFRT,4.1202,3.9606,3.801,3.8012,3.8014,3.8016,3.8018,3.802,4.0018,4.2016,4.4014,4.6012,4.801,4.601,4.401,4.201,4.001,3.801,3.881,3.961,4.041,4.121,4.201,4.1608,4.1206,4.0804,4.0402,4.0,4.0,4.0,4.0,4.0,4.0,4.08,4.16,4.24,4.32,4.4,4.6798,4.9596,5.2394,5.5192,5.799,5.6642,5.5294,5.3946,5.2598,5.125,5.0068,4.8886,4.7704,4.6522,4.534,4.3462,4.1584,
44,Japan,JPN,"Age dependency ratio, old",SP.POP.DPND.OL,8.9307245556266,8.99720381240681,9.05056445154472,9.09995441273503,9.1579737234533,9.23303043397175,9.40804982314696,9.59514262786238,9.79352719738281,10.0003475154335,10.2145328224565,10.4797551109373,10.7496425904251,11.0276742058687,11.3191186302961,11.6281211560045,11.9966174103417,12.3745918544856,12.7490578191036,13.1014400703033,13.4225092831137,13.7468473325123,14.0461558875813,14.3349046506676,14.6339346295747,14.9588067979433,15.3183602252028,15.693743680889,16.1040574045426,16.5777757560342,17.1331182723583,17.7242694201608,18.3909950014173,19.1204688182875,19.8914072796823,20.6905532775259,21.5426145050463,22.4273991087564,23.3363487923197,24.2592287006894,25.1929007671499,26.0880969646267,26.9949776814897,27.9260127270246,28.8950151157803,29.9123708267257,30.9339639239794,32.0146490367855,33.1887081982379,34.5023059411324,35.977656147276,37.3256976301091,38.8078650550125,40.3652767216915,41.8959649589281,43.3239043083617
45,Japan,JPN,"Age dependency ratio, young",SP.POP.DPND.YG,47.0393926989474,45.1642961553135,43.1640862880064,41.1637171065207,39.3799790926904,37.9222721541626,36.9896076148142,36.1678712960258,35.5353406081796,35.1569897453401,35.0368238533338,34.9446924947174,35.1654879161395,35.5437984172277,35.8338169660434,35.9011782495792,36.1953637911391,36.0624616467324,35.6660210950454,35.2630529863293,34.9619530232092,34.1743573170175,33.6730871350107,33.2536938947471,32.6347586215833,31.7158583026583,30.8723086872287,29.7346251199083,28.4440221583564,27.244827550839,26.2621454669427,25.3480860462906,24.625802798038,24.0563415050668,23.5498120959169,23.0620232793247,22.645427102314,22.2846524155617,21.9648161505739,21.6841726293847,21.4447917289974,21.2758985278887,21.1136916512918,20.9734685695693,20.8701791393863,20.8041830393232,20.7508954584115,20.7442755263509,20.7716969651744,20.8083462903415,20.84103085089,20.9192718164596,20.982165080514,21.0356204128691,21.0889670006659,21.1430427163344
46,Japan,JPN,"Birth rate, crude (per 1,000 people)",SP.DYN.CBRT.IN,17.3,17.0,17.1,17.4,17.8,18.7,13.8,19.4,18.7,18.5,18.7,19.1,19.2,19.4,18.4,17.0,16.2,15.4,14.8,14.1,13.5,13.0,12.8,12.7,12.5,11.9,11.4,11.1,10.8,10.2,10.0,9.9,9.8,9.6,10.0,9.54,9.6,9.5,9.6,9.3,9.4,9.3,9.3,9.2,8.69360456470183,8.4132922190743,8.65,8.63,8.7,8.5,8.5,8.3,8.2,8.2,8.0,
47,Japan,JPN,"Death rate, crude (per 1,000 people)",SP.DYN.CDRT.IN,7.6,7.4,7.5,7.0,6.9,7.1,6.8,6.7,6.8,6.8,6.9,6.5,6.4,6.6,6.4,6.2,6.2,6.0,6.0,5.9,6.1,6.1,6.0,6.2,6.2,6.2,6.2,6.7,6.5,6.4,6.7,6.7,6.9,7.1,7.1,7.41,7.1,7.3,7.5,7.8,7.7,7.7,8.1,8.4,8.05085979508934,8.5307537586188,8.53,8.71,9.1,9.1,9.5,9.9,10.0,10.1,10.0,
48,Japan,JPN,"Fertility rate, total (births per woman)",SP.DYN.TFRT.IN,2.001,2.05,2.01,2.02,2.05,2.139,1.58,2.02,2.13,2.13,2.135,2.16,2.14,2.14,2.05,1.909,1.85,1.8,1.79,1.77,1.75,1.74,1.77,1.8,1.81,1.76,1.72,1.69,1.66,1.57,1.54,1.53,1.502,1.458,1.5,1.422,1.425,1.388,1.384,1.342,1.359,1.33,1.32,1.29,1.29,1.26,1.32,1.34,1.37,1.37,1.39,1.39,1.41,1.43,1.42,
49,Japan,JPN,"Life expectancy at birth, female (years)",SP.DYN.LE00.FE.IN,70.14,70.83,71.12,72.26,72.76,72.85,73.65,73.94,74.29,74.62,74.67,75.49,75.96,75.96,76.33,76.85,77.27,77.86,78.21,78.75,78.75,79.17,79.74,79.84,80.29,80.57,81.02,81.48,81.37,81.84,81.91,82.22,82.35,82.5,82.96,82.84,83.55,83.82,84.01,83.9,84.6,84.9,85.2,85.33,85.59,85.49,85.81,85.99,86.05,86.44,86.3,85.9,86.41,86.61,86.83,
50,Japan,JPN,"Life expectancy at birth, male (years)",SP.DYN.LE00.MA.IN,65.31,65.91,66.19,67.18,67.63,67.68,68.45,68.74,69.06,69.19,69.36,70.4,71.17,71.66,72.55,73.35,73.73,74.03,73.97,74.04,73.56,73.79,74.24,74.22,74.58,74.87,75.25,75.63,75.57,75.94,75.91,76.13,76.11,76.24,76.57,76.39,77.01,77.19,77.16,77.4,77.72,78.1,78.1,78.36,78.64,78.53,79.0,79.19,79.29,79.59,79.55,79.44,79.94,80.21,80.5,
51,Japan,JPN,"Life expectancy at birth, total (years)",SP.DYN.LE00.IN,67.6660975609756,68.31,68.5948780487805,69.6580487804878,70.1324390243903,70.2019512195122,70.9865853658537,71.2765853658537,71.6112195121951,71.8387804878049,71.950243902439,72.8829268292683,73.5065853658537,73.7575609756097,74.3939024390244,75.0573170731707,75.4568292682927,75.8982926829268,76.0382926829268,76.3375609756098,76.0917073170732,76.4143902439025,76.9229268292683,76.9614634146342,77.3653658536585,77.650487804878,78.0646341463415,78.4836585365854,78.3992682926829,78.8180487804878,78.8368292682927,79.1007317073171,79.1539024390244,79.2936585365854,79.6870731707317,79.5363414634147,80.200243902439,80.4241463414634,80.5014634146342,80.5707317073171,81.0760975609756,81.4170731707317,81.5634146341463,81.76,82.030243902439,81.9251219512195,82.3219512195122,82.5070731707317,82.5875609756098,82.9314634146342,82.8426829268293,82.5912195121951,83.0960975609756,83.3319512195122,83.5878048780488,
52,Japan,JPN,"Mortality rate, infant (per 1,000 live births)",SP.DYN.IMRT.IN,30.4,27.9,25.5,23.2,21.0,19.1,17.5,16.3,15.1,14.2,13.4,12.6,11.9,11.3,10.6,10.0,9.4,8.8,8.3,7.9,7.4,6.9,6.5,6.2,5.8,5.5,5.2,5.0,4.8,4.7,4.6,4.5,4.4,4.3,4.3,4.1,4.0,3.8,3.6,3.4,3.3,3.1,3.0,2.9,2.9,2.7,2.7,2.6,2.5,2.4,2.4,2.3,2.2,2.1,2.1,2.0
53,Japan,JPN,"Mortality rate, under-5 (per 1,000)",SH.DYN.MORT,39.7,36.2,32.8,29.7,27.0,24.6,22.6,21.0,19.6,18.5,17.5,16.5,15.7,14.9,14.1,13.3,12.5,11.8,11.1,10.5,9.9,9.3,8.8,8.3,7.9,7.5,7.1,6.8,6.6,6.4,6.3,6.2,6.1,6.0,5.9,5.7,5.5,5.2,5.0,4.7,4.5,4.3,4.1,4.0,3.9,3.7,3.6,3.5,3.4,3.3,3.2,3.4,3.0,2.9,2.8,2.7
54,Japan,JPN,Number of infant deaths,SH.DTH.IMRT,48865.0,46333.0,43607.0,40672.0,37550.0,34663.0,31877.0,29587.0,27276.0,25729.0,24682.0,24060.0,23830.0,23636.0,22655.0,21134.0,18815.0,16040.0,13411.0,11346.0,9798.0,8983.0,8755.0,8854.0,8693.0,8394.0,7792.0,7153.0,6433.0,5897.0,5491.0,5233.0,5078.0,4992.0,5043.0,4844.0,4753.0,4533.0,4301.0,4052.0,3907.0,3625.0,3445.0,3263.0,3201.0,2938.0,2919.0,2807.0,2703.0,2598.0,2596.0,2481.0,2361.0,2237.0,2218.0,2093.0
55,Japan,JPN,Number of under-five deaths,SH.DTH.MORT,63789.0,59517.0,55164.0,50969.0,47117.0,43555.0,40453.0,37667.0,35109.0,33312.0,32059.0,31160.0,30915.0,30548.0,29524.0,27663.0,25110.0,22075.0,18851.0,16188.0,14282.0,12928.0,12355.0,12082.0,11882.0,11358.0,10612.0,9775.0,8963.0,8199.0,7732.0,7403.0,7198.0,7083.0,6992.0,6771.0,6544.0,6196.0,5957.0,5584.0,5316.0,5037.0,4735.0,4542.0,4354.0,4080.0,3930.0,3805.0,3693.0,3580.0,3461.0,3670.0,3222.0,3094.0,2964.0,2834.0
56,Japan,JPN,"Survival to age 65, female (% of cohort)",SP.DYN.TO65.FE.ZS,75.34566,76.39939,77.45312,78.23763,79.02214,79.80664,80.59115,81.37566,81.96359,82.55153,83.13947,83.7274,84.31534,84.91851,85.52167,86.12484,86.72801,87.33117,87.72444,88.11771,88.51098,88.90425,89.29752,89.58577,89.87402,90.16227,90.45052,90.73877,90.89946,91.06015,91.22084,91.38153,91.54223,91.64873,91.75523,91.86173,91.96824,92.07474,92.23383,92.39293,92.55202,92.71112,92.87021,92.96542,93.06062,93.15583,93.25103,93.34623,93.44225,93.53827,93.63429,93.73031,93.82632,93.94395,94.06158,
57,Japan,JPN,"Survival to age 65, male (% of cohort)",SP.DYN.TO65.MA.ZS,65.19896,66.04009,66.88122,67.65708,68.43294,69.20879,69.98465,70.7605,71.48569,72.21087,72.93605,73.66123,74.38641,75.15439,75.92236,76.69034,77.45831,78.22629,78.63809,79.04989,79.46169,79.87349,80.28529,80.63306,80.98083,81.3286,81.67637,82.02415,82.20505,82.38595,82.56686,82.74776,82.92866,83.13805,83.34743,83.55682,83.76621,83.97559,84.22696,84.47833,84.72969,84.98106,85.23243,85.44901,85.66559,85.88218,86.09876,86.31534,86.58808,86.86081,87.13354,87.40627,87.679,87.86051,88.04201,
